model_id,model_name,error
deepseek-ai/DeepSeek-R1-Distill-Qwen-1.5B,DSR1-1.5B,"CUDA error: out of memory
Search for `cudaErrorMemoryAllocation' in https://docs.nvidia.com/cuda/cuda-runtime-api/group__CUDART__TYPES.html for more information.
CUDA kernel errors might be asynchronously reported at some other API call, so the stacktrace below might be incorrect.
For debugging consider passing CUDA_LAUNCH_BLOCKING=1
Compile with `TORCH_USE_CUDA_DSA` to enable device-side assertions.
"
nvidia/OpenReasoning-Nemotron-1.5B,Nemotron-1.5B-R,"CUDA error: out of memory
Search for `cudaErrorMemoryAllocation' in https://docs.nvidia.com/cuda/cuda-runtime-api/group__CUDART__TYPES.html for more information.
CUDA kernel errors might be asynchronously reported at some other API call, so the stacktrace below might be incorrect.
For debugging consider passing CUDA_LAUNCH_BLOCKING=1
Compile with `TORCH_USE_CUDA_DSA` to enable device-side assertions.
"
